ID,Colonia,Alcaldía,Latitud,Longitud,Puntos_de_acceso,Programa
T-III Dr. Manuel Escontri_a,SAN ANGEL,ÁLVARO OBREGÓN,19.3428,-99.1933,2,Centros_de_Salud
T-III Minas de Cristo,MINAS CRISTO REY,ÁLVARO OBREGÓN,19.3814,-99.2007,2,Centros_de_Salud
T-III Jalapa el Grande,JALALPA EL GRANDE,ÁLVARO OBREGÓN,19.3717,-99.2392,2,Centros_de_Salud
T-II El Piru,EL PIRU,ÁLVARO OBREGÓN,19.3816,-99.2175,1,Centros_de_Salud
T-II La Conchita,LA CONCHITA,ÁLVARO OBREGÓN,19.3929,-99.2064,1,Centros_de_Salud
T-I Corpus Christi,CORPUS CHRISTY 2146,ÁLVARO OBREGÓN,19.3633,-99.2476,1,Centros_de_Salud
T-I Ave Real,AVENIDA REAL,ÁLVARO OBREGÓN,19.3618,-99.2385,1,Centros_de_Salud
T-I Hero_n Proal,REACOMODO VALENTIN GOMEZ FARIAS,ÁLVARO OBREGÓN,19.3595,-99.2313,1,Centros_de_Salud
T-I Puente Colorado,SAN CLEMENTE,ÁLVARO OBREGÓN,19.3493,-99.23,1,Centros_de_Salud
T-I Tarango,AGUILAS 3ER PARQUE,ÁLVARO OBREGÓN,19.3532,-99.2191,1,Centros_de_Salud
T-I Tetelpan,TETELPAN 2563,ÁLVARO OBREGÓN,19.3415,-99.2307,1,Centros_de_Salud
T-III Dr. Eduardo Jenner,SANTA FE 2500,ÁLVARO OBREGÓN,19.3819,-99.2428,2,Centros_de_Salud
T-III Dr. Manuel Marquez Escobedo,HOGAR Y REDENCION,ÁLVARO OBREGÓN,19.3709,-99.213,3,Centros_de_Salud
T-I UNEME EC Dr. Manuel Escontri_a,SAN ANGEL,ÁLVARO OBREGÓN,19.3428,-99.1933,1,Centros_de_Salud
T-III Dr. Manuel Marti_nez Baez,SAN MARTIN XOCHINAHUAC 2452,AZCAPOTZALCO,19.4985,-99.1928,1,Centros_de_Salud
T-I Santa Ba_rbara depende del C..S. Manuel Martinez Baez,SANTA BARBARA,AZCAPOTZALCO,19.4959,-99.1782,1,Centros_de_Salud
T-I Reynosa depende del C..S. Manuel Martinez Baez,SAN ANDRES 2408,AZCAPOTZALCO,19.4925,-99.1847,1,Centros_de_Salud
T-I Santa Ine_sdepende del C..S. Manuel Martinez Baez,SANTA INES,AZCAPOTZALCO,19.4927,-99.1901,1,Centros_de_Salud
T-II Tezozo_moc,TEZOZOMOC,AZCAPOTZALCO,19.4894,-99.1988,3,Centros_de_Salud
T-II Santiago Ahuizotla,SANTIAGO AHUIZOTLA,AZCAPOTZALCO,19.4789,-99.2119,1,Centros_de_Salud
T-I 23 de Abril depende del C.S. Santiago Ahuizotla,SAN PEDRO XALPA 2490,AZCAPOTZALCO,19.482,-99.2157,1,Centros_de_Salud
T-I San Pedro Xalpa depende del C.S. Santiago Ahuizotla,SAN PEDRO XALPA 2491,AZCAPOTZALCO,19.4844,-99.2098,1,Centros_de_Salud
T-I San Miguel Amantla depende del C.S. Santiago Ahuizotla,SAN MIGUEL AMANTLA,AZCAPOTZALCO,19.4753,-99.2043,1,Centros_de_Salud
T-II El Arenal,LA RAZA,AZCAPOTZALCO,19.465,-99.1485,2,Centros_de_Salud
T-I Prohogardepende del C.S. El Arenal,PRO HOGAR,AZCAPOTZALCO,19.4743,-99.15,1,Centros_de_Salud
T-I Tlatilco depende del C.S. El Arenal,TLATILCO 2572,AZCAPOTZALCO,19.4596,-99.1644,1,Centros_de_Salud
T-III Dr. Galo Sobero_n y Parra,SANTA CATARINA,AZCAPOTZALCO,19.4908,-99.1771,3,Centros_de_Salud
T-III Portales,SINDICATO MEXICANO DE ELECTRICISTAS,AZCAPOTZALCO,19.472,-99.1794,1,Centros_de_Salud
T-III Mixcoac,SANTA MARIA NONOALCO,BENITO JUÁREZ,19.3814,-99.1888,1,Centros_de_Salud
T-I Valentin Gomez Farias,TACUBAYA,MIGUEL HIDALGO,19.3957,-99.1878,1,Centros_de_Salud
T-I Xoco,XOCO,BENITO JUÁREZ,19.3609,-99.1661,1,Centros_de_Salud
T-III Dra. Margarita ChornEy Salazar,ATLANTIDA,COYOACÁN,19.3408,-99.1478,2,Centros_de_Salud
T-II Ajusco,AJUSCO,COYOACÁN,19.3193,-99.1601,2,Centros_de_Salud
T-II Santa ursula Coapa,PEDREGAL DE SANTA URSULA,COYOACÁN,19.3089,-99.1596,2,Centros_de_Salud
T-III San Francisco Culhuacan,EX EJIDO DE SAN FRANCISCO CULHUACAN,COYOACÁN,19.337,-99.123,1,Centros_de_Salud
T-I Copilco el Alto,COPILCO EL ALTO,COYOACÁN,19.3327,-99.1777,1,Centros_de_Salud
T-II Carmen Serdan,CARMEN SERDAN 2131,COYOACÁN,19.3203,-99.1087,2,Centros_de_Salud
T-III Dr. Gustavo A. Rovirosa PErez,PEDREGAL DE SANTA URSULA,COYOACÁN,19.3143,-99.1501,2,Centros_de_Salud
T-II Nayaritas,AJUSCO HUAYAMILPAS,COYOACÁN,19.3221,-99.1531,1,Centros_de_Salud
T-I LA CiEnega,PEDREGAL DE SANTO DOMINGO 2375,COYOACÁN,19.3356,-99.1688,1,Centros_de_Salud
T-III Policlinica Dr. Salvador Allende,AMPLIACION CANDELARIA,COYOACÁN,19.3274,-99.1507,2,Centros_de_Salud
T-I Santo Domingo Poniente,PEDREGAL DE SANTO DOMINGO 2375,COYOACÁN,19.319,-99.1697,1,Centros_de_Salud
T-III Cuajimalpa,CUAJIMALPA,CUAJIMALPA DE MORELOS,19.3569,-99.2974,1,Centros_de_Salud
T-III La Navidad,NAVIDAD (GRANJAS DE NAVIDAD),CUAJIMALPA DE MORELOS,19.3754,-99.2834,1,Centros_de_Salud
T-I Chimalpa,SAN PABLO CHIMALPA,CUAJIMALPA DE MORELOS,19.3545,-99.3192,1,Centros_de_Salud
T-I Memetla,EL YAQUI,CUAJIMALPA DE MORELOS,19.3611,-99.286,1,Centros_de_Salud
T-I Acopilco,SAN LORENZO ACOPILCO,CUAJIMALPA DE MORELOS,19.3335,-99.3264,1,Centros_de_Salud
T-I Palo Alto,COOPERATIVA PALO ALTO,CUAJIMALPA DE MORELOS,19.383,-99.2553,1,Centros_de_Salud
T-I El Chamizal,LOMAS DEL CHAMIZAL,CUAJIMALPA DE MORELOS,19.3905,-99.2637,1,Centros_de_Salud
T-I Jardines de la Palma,JARDINES DE LA PALMA,CUAJIMALPA DE MORELOS,19.371,-99.2803,1,Centros_de_Salud
T-I Rosa Torres,SAN JOSE DE LOS CEDROS 2431,CUAJIMALPA DE MORELOS,19.3688,-99.2894,1,Centros_de_Salud
CLINICA Centro Dermatologico Ladislao de la Pascua,BUENOS AIRES,CUAUHTÉMOC,19.4066,-99.1496,3,Centros_de_Salud
T-III Soledad Orozco de avila Camacho,EX HIPODROMO DE PERALVILLO,CUAUHTÉMOC,19.4588,-99.1333,1,Centros_de_Salud
T-III Dr. Manuel Dominguez,GUERRERO,CUAUHTÉMOC,19.4403,-99.1471,1,Centros_de_Salud
T-III Dr. Atanasio Garza Rios,DOCTORES,CUAUHTÉMOC,19.4182,-99.1474,3,Centros_de_Salud
T-III Dr. JosE Maria Rodriguez,ASTURIAS,CUAUHTÉMOC,19.4042,-99.1359,3,Centros_de_Salud
CLINICA Clinica de Especialidades 2,CENTRO,CUAUHTÉMOC,19.4345,-99.129,1,Centros_de_Salud
Clinica de Especialidades 5,CENTRO,CUAUHTÉMOC,19.4272,-99.1436,3,Centros_de_Salud
Clinica Especializada en Medicina Integral,SAN RAFAEL,CUAUHTÉMOC,19.4367,-99.1636,3,Centros_de_Salud
T-I Zocalo,CENTRO,CUAUHTÉMOC,19.4328,-99.1343,1,Centros_de_Salud
T-III Dr. Domingo Orvañanos,MORELOS,CUAUHTÉMOC,19.4443,-99.1353,3,Centros_de_Salud
T-I San Juan de Aragon 6ª Seccion,SAN JUAN DE ARAGON VI SECCION,GUSTAVO A. MADERO,19.4679,-99.0685,1,Centros_de_Salud
T-I Felipe Berriozaval,GENERAL FELIPE BERRIOZABAL,GUSTAVO A. MADERO,19.5554,-99.1301,1,Centros_de_Salud
T-II 25 de Julio,25 DE JULIO,GUSTAVO A. MADERO,19.4957,-99.0807,1,Centros_de_Salud
T-I Arboledas de Cuautepec,ARBOLEDAS DE CUAUTEPEC 2085,GUSTAVO A. MADERO,19.5609,-99.1247,1,Centros_de_Salud
T-I Cocoyotes,COCOYOTES 2138,GUSTAVO A. MADERO,19.5499,-99.1275,1,Centros_de_Salud
T-II Valle Madero,LOMA LA PALMA,GUSTAVO A. MADERO,19.5483,-99.1439,1,Centros_de_Salud
T-I Cabo Buena Esperanza,GABRIEL HERNANDEZ 2205,GUSTAVO A. MADERO,19.5018,-99.0999,1,Centros_de_Salud
T-I Lomas de Cuahutepec,LOMAS DE CUAUTEPEC,GUSTAVO A. MADERO,19.5692,-99.1343,1,Centros_de_Salud
T-I La Pastora,LA PASTORA 2257,GUSTAVO A. MADERO,19.5241,-99.1377,1,Centros_de_Salud
T-II Narciso Bassols,NARCISO BASSOLS,GUSTAVO A. MADERO,19.4541,-99.0584,1,Centros_de_Salud
T-I San Juan de Aragon 1ª Seccion,SAN JUAN DE ARAGON I SECCION 2438,GUSTAVO A. MADERO,19.4641,-99.0936,1,Centros_de_Salud
T-I Providencia,PROVIDENCIA 2395,GUSTAVO A. MADERO,19.4844,-99.0724,1,Centros_de_Salud
T-III Nueva Atzacoalco,NUEVA ATZACOALCO,GUSTAVO A. MADERO,19.4962,-99.0862,3,Centros_de_Salud
T-III Dr. Gabriel Garzon Cossa,LA JOYA,GUSTAVO A. MADERO,19.4568,-99.1098,1,Centros_de_Salud
T-III Palmitla,PALMATITLA 2356,GUSTAVO A. MADERO,19.5528,-99.1338,1,Centros_de_Salud
T-II Gabriel Hernandez,GABRIEL HERNANDEZ 2207,GUSTAVO A. MADERO,19.5067,-99.1021,1,Centros_de_Salud
T-II La Malinche,LA MALINCHE,GUSTAVO A. MADERO,19.4525,-99.1017,1,Centros_de_Salud
T-II La Esmeralda,LA ESMERALDA 2242,GUSTAVO A. MADERO,19.4876,-99.0849,1,Centros_de_Salud
T-I Nueva Atzacoalco,NUEVA ATZACOALCO,GUSTAVO A. MADERO,19.5033,-99.0794,1,Centros_de_Salud
T-I Gertrudis Sanchez,GERTRUDIS SANCHEZ 2DA SECCION 2209,GUSTAVO A. MADERO,19.4686,-99.0999,1,Centros_de_Salud
T-I Compositores Mexicanos,COMPOSITORES MEXICANOS,GUSTAVO A. MADERO,19.5668,-99.1395,1,Centros_de_Salud
T-III Dr. Rafael Ramirez Suarez,SAN BARTOLO ATEPEHUACAN,GUSTAVO A. MADERO,19.4928,-99.1422,1,Centros_de_Salud
T-I Barrio San Juan Ticoman,SAN JUAN Y GUADALUPE TICOMAN,GUSTAVO A. MADERO,19.5218,-99.1284,1,Centros_de_Salud
T-I Castillo Grande,CASTILLO GRANDE 2133,GUSTAVO A. MADERO,19.5382,-99.1387,1,Centros_de_Salud
T-I Diana Laura Rojas de Colosio,LUIS DONALDO COLOSIO,GUSTAVO A. MADERO,19.5614,-99.1438,1,Centros_de_Salud
T-I Malacates Ponderosa,MALACATES 2322,GUSTAVO A. MADERO,19.5747,-99.1327,1,Centros_de_Salud
T-III Dr. Manuel Cardenas de la Vega,MARTIN CARRERA,GUSTAVO A. MADERO,19.4863,-99.1129,3,Centros_de_Salud
T-III Dr. Luis Mazzoti Galindo,AGRICOLA PANTITLAN,IZTACALCO,19.4136,-99.0584,1,Centros_de_Salud
T-III 2 de Octubre,CAMPAMENTO 2 DE OCTUBRE 2118,IZTACALCO,19.3844,-99.1175,1,Centros_de_Salud
T-III Dr. JosE Zozaya,SANTA ANITA 2492,IZTACALCO,19.3985,-99.1188,1,Centros_de_Salud
T-III Manuel Pesqueira,AGRICOLA ORIENTAL,IZTACALCO,19.3943,-99.0707,3,Centros_de_Salud
T-II Ramos Millan,AMPLIACION GABRIEL RAMOS MILLAN,IZTACALCO,19.3864,-99.0953,3,Centros_de_Salud
T-III Dr. Rafael Carrillo,SAN LUCAS,IZTAPALAPA,19.3603,-99.0946,1,Centros_de_Salud
T-III Dr. Maximiliano Ruiz Castañeda,SANTA MARTHA ACATITLA 2524,IZTAPALAPA,19.363,-99.0095,1,Centros_de_Salud
T-II Ejido de los Reyes,LOS REYES CULHUACAN 2313,IZTAPALAPA,19.345,-99.1016,3,Centros_de_Salud
T-I Santa Cruz Meyahualco,SANTA CRUZ MEYEHUALCO 2497,IZTAPALAPA,19.3465,-99.0445,1,Centros_de_Salud
T-I Apatlalco,APATLACO,IZTAPALAPA,19.3797,-99.1171,1,Centros_de_Salud
T-II San Miguel Teotongo,SAN MIGUEL TEOTONGO,IZTAPALAPA,19.3427,-98.9899,3,Centros_de_Salud
T-I Las Peñas,LA ERA,IZTAPALAPA,19.3394,-99.0521,1,Centros_de_Salud
T-I Aculco,SAN JOSE ACULCO,IZTAPALAPA,19.3734,-99.1011,1,Centros_de_Salud
T-II Santiago Acahualtepec,SANTIAGO ACAHUALTEPEC 2DA AMPLIACION 2530,IZTAPALAPA,19.3455,-99.0095,1,Centros_de_Salud
T-I Xalpa,XALPA,IZTAPALAPA,19.3321,-99.0165,1,Centros_de_Salud
T-I Renovacion,RENOVACION,IZTAPALAPA,19.3699,-99.0472,1,Centros_de_Salud
T-II Ermita Zaragoza,ERMITA ZARAGOZA,IZTAPALAPA,19.3632,-98.9999,1,Centros_de_Salud
T-I Honorato Leal,LAS PEÑAS,IZTAPALAPA,19.3344,-99.053,1,Centros_de_Salud
CLINICA Clinica VIH Iztapalapa,UNIDAD VICENTE GUERRERO,IZTAPALAPA,19.3569,-99.0512,3,Centros_de_Salud
CLINICA Clinica de Diabetes,ESCUADRON 201,IZTAPALAPA,19.3666,-99.1113,3,Centros_de_Salud
Clinica Integral para la Atencion de la Mujer (CAIM),SAN ANTONIO,IZTAPALAPA,19.3103,-99.0705,3,Centros_de_Salud
TI- Campestre Potrero,CAMPESTRE POTRERO 2127,IZTAPALAPA,19.3313,-98.9785,1,Centros_de_Salud
T-I Francisco Villa,FRANCISCO VILLA,IZTAPALAPA,19.3375,-99.0588,1,Centros_de_Salud
T-I Gabriela Mistral,LEYES DE REFORMA 1RA SECCION,IZTAPALAPA,19.3601,-99.0687,1,Centros_de_Salud
T-III Chinampac de Juarez,CHINAMPAC DE JUAREZ,IZTAPALAPA,19.3771,-99.0541,3,Centros_de_Salud
T-III Dr. Guillermo Roman Carrillo,PANTEON DE SAN LORENZO,IZTAPALAPA,19.313,-99.0657,3,Centros_de_Salud
T-III Quetzalcoatl,DESARROLLO URBANO QUETZALCOATL,IZTAPALAPA,19.3275,-99.0449,3,Centros_de_Salud
T-III San Andres Tomatlan,SAN ANDRES TOMATLAN,IZTAPALAPA,19.3279,-99.1035,1,Centros_de_Salud
T-II Santa Maria Aztahuacan,SANTA MARIA AZTAHUACAN 2506,IZTAPALAPA,19.3562,-99.0321,3,Centros_de_Salud
T-I HEroes de Padierna,HEROES DE PADIERNA,LA MAGDALENA CONTRERAS,19.3152,-99.2263,1,Centros_de_Salud
T-I Lomas de San BernabE,TIERRA UNIDA,LA MAGDALENA CONTRERAS,19.3031,-99.2698,1,Centros_de_Salud
T-I San Nicolas Totolapan,SAN NICOLAS TOTOLAPAN 2480,LA MAGDALENA CONTRERAS,19.2984,-99.2434,1,Centros_de_Salud
T-I Tierra Colorada,TIERRA COLORADA,LA MAGDALENA CONTRERAS,19.2715,-99.2467,1,Centros_de_Salud
T-II San Bartolo Ameyalco,SAN BARTOLO AMEYALCO,LA MAGDALENA CONTRERAS,19.3275,-99.2466,1,Centros_de_Salud
T-I Exhacienda de Eslava,SAN NICOLAS TOTOLAPAN 2482,LA MAGDALENA CONTRERAS,19.2938,-99.2427,1,Centros_de_Salud
Clinica Integral de Atencion a la Mujer Hermila Galindo,HUAYATLA,LA MAGDALENA CONTRERAS,19.3123,-99.26,3,Centros_de_Salud
T-I 1º De Mayo,SAN NICOLAS TOTOLAPAN 2480,LA MAGDALENA CONTRERAS,19.3033,-99.2378,1,Centros_de_Salud
T-III Oasis,SAN BERNABE OCOTEPEC,LA MAGDALENA CONTRERAS,19.3102,-99.2591,3,Centros_de_Salud
T-III MExico España,ANAHUAC MARIANO ESCOBEDO,MIGUEL HIDALGO,19.4464,-99.1817,1,Centros_de_Salud
T-III Dr. angel Brioso Vasconcelos,HIPODROMO CONDESA,CUAUHTÉMOC,19.4091,-99.1827,1,Centros_de_Salud
T-III Dr. Manuel GutiErrez Zavala,ANAHUAC,MIGUEL HIDALGO,19.4425,-99.173,1,Centros_de_Salud
T-III Dr. Manuel Gonzalez Rivera,SANTO TOMAS,MIGUEL HIDALGO,19.4519,-99.169,3,Centros_de_Salud
T-II DR. Luis Alberto Erosa,PANCHIMALCO,MILPA ALTA,19.2033,-99.0479,1,Centros_de_Salud
T-I San Jeronimo Mexacan,SAN JERONIMO MIACATLAN,MILPA ALTA,19.1925,-99.0066,1,Centros_de_Salud
T-I San BartolomE Ximulco,SAN BARTOLOME XICOMULCO,MILPA ALTA,19.207,-99.0683,1,Centros_de_Salud
T-I San Juan Tepenahuac,SAN JUAN TEPENAHUAC,MILPA ALTA,19.1871,-98.9936,1,Centros_de_Salud
T-I San Lorenzo Tlayucan,SAN LORENZO TLACOYUCAN,MILPA ALTA,19.1771,-99.0298,1,Centros_de_Salud
T-II San Salvador Cuauhtenco,SAN SALVADOR CUAUHTENCO,MILPA ALTA,19.192,-99.0919,3,Centros_de_Salud
T-II Santa Ana Tlacotenco,SAN MARCOS,MILPA ALTA,19.173,-98.9946,3,Centros_de_Salud
T-III Dr. Gaston Melo,TENANTITLA,MILPA ALTA,19.2202,-98.9957,3,Centros_de_Salud
T-III San Francisco Tlatenco,GUADALUPE 2213,TLÁHUAC,19.2953,-99.0139,1,Centros_de_Salud
T-II Ampliacion Selene,SELENE 2547,TLÁHUAC,19.2853,-98.9954,2,Centros_de_Salud
T-II Del Mar,AGRICOLA METROPOLITANA,TLÁHUAC,19.2891,-99.0551,1,Centros_de_Salud
T-II Santa Catarina Yecahuzotl,SAN MIGUEL,TLÁHUAC,19.3079,-98.9681,1,Centros_de_Salud
T-I Zapotitlan,SANTIAGO CENTRO,TLÁHUAC,19.2974,-99.0303,1,Centros_de_Salud
T-II 13 de Septiembre,LOS OLIVOS 2309,TLÁHUAC,19.2988,-99.0568,1,Centros_de_Salud
T-II Zapotitla,ZAPOTITLA 2597,TLÁHUAC,19.3111,-99.0361,1,Centros_de_Salud
CLINICA Clinica Comunitaria Miquic,SANTA CRUZ,TLÁHUAC,19.2258,-98.9514,3,Centros_de_Salud
T-III Miguel Hidalgo,MIGUEL HIDALGO 2331,TLÁHUAC,19.2911,-99.0472,3,Centros_de_Salud
T-II San Juan Ixtayopan,LA ASUNCION,TLÁHUAC,19.2431,-98.9946,2,Centros_de_Salud
T-III DR. JosE Castro Villagrana,TORIELLO GUERRA,TLALPAN,19.2935,-99.1667,1,Centros_de_Salud
T-III DR. Gerardo Varela Mariscal,SANTO TOMAS AJUSCO 2544,TLALPAN,19.2212,-99.2043,1,Centros_de_Salud
T-III Ampliacion Hidalgo,MIGUEL HIDALGO 3RA SECCION,TLALPAN,19.2854,-99.208,1,Centros_de_Salud
T-III DR. David Fragoso Lizalde,EJIDOS DE SAN PEDRO MARTIR,TLALPAN,19.2655,-99.1608,1,Centros_de_Salud
T-II Topilejo,SAN MIGUEL TOPILEJO 2479,TLALPAN,19.2033,-99.1468,1,Centros_de_Salud
T-I Lomas de Padierna,LOMAS DE PADIERNA 2277,TLALPAN,19.2913,-99.223,1,Centros_de_Salud
T-I Magdalena Petlacalco,LA MAGDALENA PETLACALCO,TLALPAN,19.2339,-99.1804,1,Centros_de_Salud
T-I Bekal,BELVEDERE AJUSCO,TLALPAN,19.2682,-99.2272,1,Centros_de_Salud
T-I Xitle,MARIA ESTHER ZUNO DE ECHEVERRIA,TLALPAN,19.2557,-99.1827,1,Centros_de_Salud
T-I San Miguel Xicalco,SAN MIGUEL XICALCO,TLALPAN,19.2335,-99.164,1,Centros_de_Salud
T-I Parres,PARRES EL GUARDA 2372,TLALPAN,19.1369,-99.1752,1,Centros_de_Salud
T-I DIF,MIGUEL HIDALGO 2DA SECCION,TLALPAN,19.2848,-99.1957,1,Centros_de_Salud
T-II Pedregal de las Aguilas,PEDREGAL DE LAS AGUILAS,TLALPAN,19.2722,-99.1756,1,Centros_de_Salud
T-I Hortencia,PEDREGAL DE SAN NICOLAS 1RA SECCION 2374,TLALPAN,19.2973,-99.2287,1,Centros_de_Salud
T-I Pedregal San Nicolas del SUR,PEDREGAL DE SAN NICOLAS 1RA SECCION 2373,TLALPAN,19.2835,-99.2377,1,Centros_de_Salud
T-I Ejido Huipulco,EX HACIENDA SAN JUAN DE DIOS,TLALPAN,19.2862,-99.1337,1,Centros_de_Salud
T-III Dr. Juan Duque Estrada,MOCTEZUMA 2DA SECCION,VENUSTIANO CARRANZA,19.4285,-99.097,1,Centros_de_Salud
T-III Dr. Luis E. Ruiz,DEL PARQUE 2166,VENUSTIANO CARRANZA,19.425,-99.1198,1,Centros_de_Salud
T-II Cuchilla Pantitlan,CUCHILLA PANTITLAN 2156,VENUSTIANO CARRANZA,19.4214,-99.0623,1,Centros_de_Salud
T-II Arenal 4A. SECC.,EL ARENAL 4A SECCION,VENUSTIANO CARRANZA,19.4307,-99.0608,1,Centros_de_Salud
T-II Peñon de los Baños,PEÑON DE LOS BAÑOS,VENUSTIANO CARRANZA,19.4383,-99.0873,1,Centros_de_Salud
T-II Ixnahaltongo,MERCED BALBUENA,VENUSTIANO CARRANZA,19.4188,-99.1261,3,Centros_de_Salud
T-I Revolucion,MIGUEL HIDALGO,VENUSTIANO CARRANZA,19.4362,-99.1066,1,Centros_de_Salud
T-I Ampliacion Caracol,CARACOL 2129,VENUSTIANO CARRANZA,19.4275,-99.0651,1,Centros_de_Salud
T-I Cuatro Arboles,CUATRO ARBOLES,VENUSTIANO CARRANZA,19.4168,-99.0841,1,Centros_de_Salud
T-II Jose Ma. Morelos y Pavon,MORELOS 2344,VENUSTIANO CARRANZA,19.4453,-99.1209,3,Centros_de_Salud
T-III Beatriz Velasco de Aleman,20 DE NOVIEMBRE 2065,VENUSTIANO CARRANZA,19.4452,-99.1125,3,Centros_de_Salud
T-III Xochimilco,LA GUADALUPITA,XOCHIMILCO,19.2649,-99.1042,1,Centros_de_Salud
T-II Santa Cruz Acalpixca,SANTA CRUZ ACALPIXCA,XOCHIMILCO,19.2457,-99.0684,1,Centros_de_Salud
T-II Santiago Tepalcatlalpan,SANTIAGO TEPALCATLALPAN 2537,XOCHIMILCO,19.2475,-99.1271,1,Centros_de_Salud
T-I San Luis Tlaxialtemalco,SAN LUIS TLAXIALTEMALCO,XOCHIMILCO,19.2557,-99.0408,1,Centros_de_Salud
T-I Ampliacion Tepepan,AMPLIACION TEPEPAN 2082,XOCHIMILCO,19.2672,-99.1304,1,Centros_de_Salud
T-I San AndrEs Ayucan,SAN ANDRES AHUAYUCAN,XOCHIMILCO,19.2248,-99.1083,1,Centros_de_Salud
T-II Santa Maria Nativitas,SANTA MARIA NATIVITAS 2514,XOCHIMILCO,19.2466,-99.0943,3,Centros_de_Salud
T-III San Gregorio Atlapulco,SAN GREGORIO ATLAPULCO 2426,XOCHIMILCO,19.257,-99.0648,3,Centros_de_Salud
T-I Santa Cruz Xochitepec,SANTA CRUZ XOCHITEPEC,XOCHIMILCO,19.2541,-99.13,1,Centros_de_Salud
T-I Ejidos de Santa ursula,CARMEN SERDAN 2132,COYOACÁN,19.3047,-99.1436,1,Centros_de_Salud
T-II Gertrudis Sanchez,GERTRUDIS SANCHEZ 2DA SECCION 2209,GUSTAVO A. MADERO,19.4686,-99.0999,3,Centros_de_Salud
T-I Margarita Maza de Juarez,GUADALUPE DEL MORAL,IZTAPALAPA,19.3687,-99.0733,1,Centros_de_Salud
T-I Tlalpexco,TLALPEXCO,GUSTAVO A. MADERO,19.5466,-99.1249,1,Centros_de_Salud
T-III UNEME CAPA Lomas de la Era,LOMAS DE LOS CEDROS,ÁLVARO OBREGÓN,19.3262,-99.259,3,Centros_de_Salud
T-III Tulyehualco,SAN SEBASTIAN,TLÁHUAC,19.2561,-99.011,3,Centros_de_Salud
T-II San Pablo Ozotepec,SAN MIGUEL,MILPA ALTA,19.1874,-99.0726,3,Centros_de_Salud
T-II Buenavista,BUENAVISTA,IZTAPALAPA,19.332,-99.0315,3,Centros_de_Salud
Clinica de Especialidades 3,MORELOS,CUAUHTÉMOC,19.4475,-99.129,3,Centros_de_Salud
T-II Cultura Maya,CULTURA MAYA,TLALPAN,19.276,-99.222,3,Centros_de_Salud
T-I San Mateo,SAN MATEO TLALTENANGO 2453,CUAJIMALPA DE MORELOS,19.3462,-99.2719,1,Centros_de_Salud
T-I Garcimarrero,GARCIMARRERO NORTE,ÁLVARO OBREGÓN,19.3678,-99.2364,1,Centros_de_Salud
T-I San Andres Xicotencatl,SANTA MARTHA ACATITLA NORTE,IZTAPALAPA,19.3789,-99.0146,1,Centros_de_Salud
T-I Bosques del Pedregal,BOSQUES DEL PEDREGAL,TLALPAN,19.2739,-99.237,1,Centros_de_Salud
T-III Dr. Francisco J. Balmis,ZACAHUITZCO,IZTAPALAPA,19.3764,-99.1345,3,Centros_de_Salud
T-III Villa Milpa Alta,SANTA CRUZ,MILPA ALTA,19.1972,-99.0169,3,Centros_de_Salud
T-III Lago Cardiel,ARGENTINA ANTIGUA,MIGUEL HIDALGO,19.4558,-99.2027,3,Centros_de_Salud
T-I Pedregal San Nicolas del Norte,PEDREGAL DE SAN NICOLAS 2DA SECCION,TLALPAN,19.2893,-99.2382,1,Centros_de_Salud
T-III Romero Rubio,AQUILES SERDAN,VENUSTIANO CARRANZA,19.4442,-99.0904,3,Centros_de_Salud
T-I Santa Catarina,SANTA CATARINA,AZCAPOTZALCO,19.4908,-99.1771,1,Centros_de_Salud
T-III Dr. Angel De la Garza Brito,PUEBLO NUEVO ALTO,LA MAGDALENA CONTRERAS,19.3057,-99.2504,3,Centros_de_Salud
T-II La Cascada,LA CASCADA 2234,ÁLVARO OBREGÓN,19.3694,-99.1999,3,Centros_de_Salud
T-III Ampliacion Presidentes,PRESIDENTES,ÁLVARO OBREGÓN,19.3755,-99.225,3,Centros_de_Salud
T-I San Francisco Tecoxpa,SAN FRANCISCO TECOXPA,MILPA ALTA,19.1965,-99.0053,1,Centros_de_Salud
T-I Tierra y Libertad,BOSQUES DEL PEDREGAL,TLALPAN,19.2709,-99.2378,1,Centros_de_Salud
T-II San Mateo Xalpa,SAN MATEO XALPA 2459,XOCHIMILCO,19.2281,-99.1194,3,Centros_de_Salud
T-I Santa Cecilia Tepetlapa,SANTA CECILIA TEPETLAPA,XOCHIMILCO,19.216,-99.0994,1,Centros_de_Salud
T-I Renovacion VC,7 DE JULIO 2067,VENUSTIANO CARRANZA,19.4321,-99.1094,1,Centros_de_Salud
T-II San Andres Totoltepec,SAN ANDRES TOTOLTEPEC 2411,TLALPAN,19.2492,-99.1769,3,Centros_de_Salud
T-I San Jose,SAN JOSE,TLÁHUAC,19.2763,-98.9959,1,Centros_de_Salud
T-I Solidaridad Tetelco,EMILIANO ZAPATA 1A,MILPA ALTA,19.2108,-98.9713,1,Centros_de_Salud
LA CUESTA,EL MIRADOR,ÁLVARO OBREGÓN,19.3455,-99.2259,4,PILARES
ÁRBOL DEL CONOCIMIENTO,LA CAÑADA 2DA SECCION,ÁLVARO OBREGÓN,19.3843,-99.2221,6,PILARES
SANTA ÚRSULA,PEDREGAL DE SANTA URSULA,COYOACÁN,19.3099,-99.1571,1,PILARES
BENEMÉRITO DE LAS AMÉRICAS,EL ARBOLILLO,GUSTAVO A. MADERO,19.5351,-99.1385,5,PILARES
CARLOTA BOTEY,LOS ANGELES,IZTAPALAPA,19.341,-99.0663,3,PILARES
CHICHICASPALT,PEDREGAL DE SAN NICOLAS 4TA SECCION,TLALPAN,19.2778,-99.24,3,PILARES
BELÉN DE LAS FLORES,BELEM DE LAS FLORES 2101,ÁLVARO OBREGÓN,19.3971,-99.2176,2,PILARES
EL CAPULÍN,EL CAPULIN 2174,ÁLVARO OBREGÓN,19.3956,-99.2122,1,PILARES
CENTENARIO,JUAN GONZALEZ ROMERO,GUSTAVO A. MADERO,19.5091,-99.0906,1,PILARES
BENITA GALEANA,NUEVA TENOCHTITLAN,GUSTAVO A. MADERO,19.4553,-99.1005,1,PILARES
LA FORTALEZA,GABRIEL RAMOS MILLAN SECCION CUCHILLA,IZTACALCO,19.3877,-99.0916,3,PILARES
AGRÍCOLA PANTITLÁN,AGRICOLA PANTITLAN,IZTACALCO,19.4154,-99.0683,1,PILARES
JOSÉ MARTÍ,LA ASUNCION,IZTACALCO,19.3905,-99.1212,1,PILARES
PALMITAS,CITLALLI 2135,IZTAPALAPA,19.339,-99.0259,3,PILARES
SAN MIGUEL TEOTONGO,SAN MIGUEL TEOTONGO,IZTAPALAPA,19.3405,-98.9925,2,PILARES
ACAHUALTEPEC,SANTIAGO ACAHUALTEPEC 2DA AMPLIACION 2530,IZTAPALAPA,19.346,-99.0081,2,PILARES
GABRIELA MISTRAL,LEYES DE REFORMA 1RA SECCION,IZTAPALAPA,19.36,-99.0688,1,PILARES
COOPEREMOS PUEBLO,SANTA CRUZ MEYEHUALCO 2498,IZTAPALAPA,19.3413,-99.0408,2,PILARES
TLALTENCO,SELENE 2546,TLÁHUAC,19.2911,-99.0093,2,PILARES
GARCÍA LORCA,ZAPOTITLA 2597,TLÁHUAC,19.3116,-99.0369,2,PILARES
VIADUCTO,JARDIN BALBUENA 2225,VENUSTIANO CARRANZA,19.4072,-99.1133,2,PILARES
TULYEHUALCO,BARRIO CALYEQUITA,XOCHIMILCO,19.2544,-99.0115,2,PILARES
COLOSIO (IXTLAHUACAN),IZTLAHUACAN,IZTAPALAPA,19.3423,-98.9964,5,PILARES
HERRERIA (SANTA CRUZ),SANTA CRUZ,MILPA ALTA,19.1935,-99.0189,4,PILARES
MOCTEZUMA,MOCTEZUMA 2DA SECCION,VENUSTIANO CARRANZA,19.428,-99.1011,6,PILARES
CENDI TRES ESTRELLAS,TRES ESTRELLAS,GUSTAVO A. MADERO,19.4714,-99.1109,2,PILARES
CUCHILLA DEL TESORO,CUCHILLA DEL TESORO 2154,GUSTAVO A. MADERO,19.4485,-99.0549,5,PILARES
ANA BOLENA,MIGUEL HIDALGO 2335,TLÁHUAC,19.2919,-99.054,6,PILARES
EL MOLINO,CANANEA,IZTAPALAPA,19.2925,-99.0619,5,PILARES
SANTA ANITA (CONGRESO DE LA UNION),SANTA ANITA 2492,IZTACALCO,19.404,-99.1216,2,PILARES
SANTA MARTHA ACATITLA NORTE (PATOLLI),SANTA MARTHA ACATITLA 2522,IZTAPALAPA,19.3695,-99.0087,5,PILARES
CASA AMARILLA,OBSERVATORIO,MIGUEL HIDALGO,19.4065,-99.1893,3,PILARES
AGRÍCOLA ORIENTAL (SACMEX),AGRICOLA ORIENTAL,IZTACALCO,19.3865,-99.0644,7,PILARES
SAN JUAN DE ARAGON II SECCION,SAN JUAN DE ARAGON I SECCION 2437,GUSTAVO A. MADERO,19.4545,-99.0855,3,PILARES
CARLOS PACHECO,EJERCITO DE ORIENTE,IZTAPALAPA,19.3673,-99.0281,5,PILARES
EJE 5 SUR (CIRCUNVALACION),SANTA MARIA AZTAHUACAN 2506,IZTAPALAPA,19.3665,-99.0399,4,PILARES
SAN LORENZO TLACOYUCAN,SAN LORENZO TLACOYUCAN,MILPA ALTA,19.1777,-99.0302,4,PILARES
TIERRA BLANCA,TIERRA BLANCA,TLÁHUAC,19.2394,-99.0051,5,PILARES
NIÑO QUEMADO,PEÑON DE LOS BAÑOS,VENUSTIANO CARRANZA,19.4374,-99.0857,5,PILARES
RIO SAN BORJA,GOLONDRINAS 2DA SECCION,ÁLVARO OBREGÓN,19.3762,-99.2156,3,PILARES
ZONA ROSA,JUAREZ,CUAUHTÉMOC,19.4247,-99.1655,1,PILARES
PERÚ 88,CENTRO,CUAUHTÉMOC,19.4398,-99.1343,6,PILARES
INSURGENTES,JUAREZ,CUAUHTÉMOC,19.4234,-99.1626,2,PILARES
VALLE GÓMEZ,VALLE GOMEZ,CUAUHTÉMOC,19.4571,-99.124,2,PILARES
SEPI (NEZAHUALCOYOTL),CENTRO,CUAUHTÉMOC,19.4256,-99.141,1,PILARES
SEDUVI (ROMA NORTE),ROMA NORTE,CUAUHTÉMOC,19.413,-99.1627,3,PILARES
FRIDA KAHLO,DOCTORES,CUAUHTÉMOC,19.4106,-99.144,2,PILARES
XICOMULCO,SAN BARTOLOME XICOMULCO,MILPA ALTA,19.2069,-99.0712,2,PILARES
ATOCPAN,TULA,MILPA ALTA,19.2027,-99.0521,2,PILARES
CUAUHTENCO,SAN SALVADOR CUAUHTENCO,MILPA ALTA,19.1939,-99.0915,2,PILARES
LA NOPALERA,SAN LORENZO,XOCHIMILCO,19.2664,-99.055,1,PILARES
LA JOYA,LA JOYA 2247,TLALPAN,19.2788,-99.1674,2,PILARES
TOPILEJO,SAN MIGUEL TOPILEJO 2479,TLALPAN,19.1989,-99.1413,6,PILARES
SAN GREGORIO ATLAPULCO,SAN GREGORIO ATLAPULCO 2426,XOCHIMILCO,19.2562,-99.0608,3,PILARES
SAN LUCAS XOCHIMANCA,SAN LUCAS XOCHIMANCA 2447,XOCHIMILCO,19.2451,-99.1141,3,PILARES
SANTIAGO TEPALCATLALPAN,SANTIAGO TEPALCATLALPAN 2537,XOCHIMILCO,19.248,-99.1275,2,PILARES
SANTA CECILIA TEPETLAPA,SANTA CECILIA TEPETLAPA,XOCHIMILCO,19.216,-99.0993,2,PILARES
TEPEPAN,SANTA MARIA TEPEPAN,XOCHIMILCO,19.281,-99.1375,2,PILARES
SAN FRANCISCO,PEDREGAL DE SAN FRANCISCO,XOCHIMILCO,19.2033,-99.1292,2,PILARES
AHUALAPA,SANTA CRUZ ACALPIXCA,XOCHIMILCO,19.2463,-99.0703,3,PILARES
BUENAVISTA,BUENAVISTA,CUAUHTÉMOC,19.4496,-99.1475,6,PILARES
TEPITO MORELOS,MORELOS,CUAUHTÉMOC,19.4442,-99.1306,7,PILARES
LA CASITA,SAN JUAN TEPEPAN,XOCHIMILCO,19.2717,-99.128,5,PILARES
DIF AJUSCO (SAN MIGUEL AJUSCO),SAN MIGUEL AJUSCO 2465,TLALPAN,19.2297,-99.1952,5,PILARES
CHALMITA,SAN MIGUEL,MILPA ALTA,19.1834,-99.0754,4,PILARES
SAN LORENZO ATEMOAYA,SAN LUCAS XOCHIMANCA 2448,XOCHIMILCO,19.2455,-99.1038,3,PILARES
FELIPE ANGELES,FELIPE ANGELES,VENUSTIANO CARRANZA,19.4525,-99.1135,4,PILARES
MUYUGUARDA (BARRIO 18),BARRIO 18 2099,XOCHIMILCO,19.2756,-99.1185,5,PILARES
SAN MARCOS,SAN MARCOS 2450,XOCHIMILCO,19.2703,-99.1118,5,PILARES
CIBERESCUELA CUAJIMALPA,CUAJIMALPA,CUAJIMALPA DE MORELOS,19.3581,-99.3012,1,PILARES
MERCADO CUAUTEPEC (LOMA DE LA PALMA),CUAUTEPEC DE MADERO,GUSTAVO A. MADERO,19.5475,-99.1431,1,PILARES
DEPÓSITO RTP,REYNOSA TAMAULIPAS,AZCAPOTZALCO,19.4976,-99.1878,5,PILARES
SANTA LUCIA,COLINA DEL SUR 2140,ÁLVARO OBREGÓN,19.3686,-99.2229,1,PILARES
SANTA FE,SANTA FE 2500,ÁLVARO OBREGÓN,19.3827,-99.2404,3,PILARES
LOMAS DE LA ERA,LOMAS DE LOS CEDROS,ÁLVARO OBREGÓN,19.3257,-99.2593,3,PILARES
PRESIDENTES,PRESIDENTES,ÁLVARO OBREGÓN,19.3772,-99.2213,5,PILARES
GOMEZ FARIAS,CARLOS ALBERTO MADRAZO,ÁLVARO OBREGÓN,19.3803,-99.2496,1,PILARES
CHAMONTOYA,LOMAS DE CHAMONTOYA,ÁLVARO OBREGÓN,19.3182,-99.2678,4,PILARES
LA ARAÑA,PUNTA DE CEHUAYA,ÁLVARO OBREGÓN,19.3626,-99.2403,3,PILARES
JALALPA TEPITO,JALALPA TEPITO,ÁLVARO OBREGÓN,19.3743,-99.237,3,PILARES
COLTONGO,COLTONGO,AZCAPOTZALCO,19.4817,-99.1533,4,PILARES
SAN PEDRO XALPA,SAN PEDRO XALPA 2491,AZCAPOTZALCO,19.4842,-99.2096,1,PILARES
MARGARITA MAZA DE JUÁREZ,TEZOZOMOC,AZCAPOTZALCO,19.4904,-99.1991,4,PILARES
SAN MIGUEL AMANTLA,SAN MIGUEL AMANTLA,AZCAPOTZALCO,19.4753,-99.2043,2,PILARES
LA NARANJA,SAN PEDRO XALPA 2490,AZCAPOTZALCO,19.4745,-99.2185,2,PILARES
XOCHINAHUAC,SAN MARTIN XOCHINAHUAC 2452,AZCAPOTZALCO,19.5098,-99.1893,1,PILARES
PROHOGAR,PRO HOGAR,AZCAPOTZALCO,19.4749,-99.1498,4,PILARES
XALLI,ARENAL,AZCAPOTZALCO,19.4642,-99.1519,3,PILARES
TOPILTZIN,AJUSCO,COYOACÁN,19.323,-99.1577,2,PILARES
EL RELOJ,EL RELOJ,COYOACÁN,19.3175,-99.1411,4,PILARES
VILLA PANAMERICANA,PEDREGAL DE CARRASCO,COYOACÁN,19.31,-99.1699,2,PILARES
SANTA ANA,CTM VI CULHUACAN,COYOACÁN,19.3284,-99.1142,1,PILARES
TAXQUEÑA,CAMPESTRE CHURUBUSCO,COYOACÁN,19.3419,-99.1436,4,PILARES
LA ESCUELITA DE COYOACÁN,PEDREGAL DE SANTO DOMINGO 2375,COYOACÁN,19.3259,-99.1649,2,PILARES
CANTERA,CIUDAD UNIVERSITARIA,COYOACÁN,19.3179,-99.172,2,PILARES
EMILIANO ZAPATA,EMILIANO ZAPATA,COYOACÁN,19.3269,-99.1381,2,PILARES
ZENTLAPALT,AGUA BENDITA,CUAJIMALPA DE MORELOS,19.3554,-99.3095,3,PILARES
BENITO JUAREZ (CHAMIXTO),LOMA DEL PADRE,CUAJIMALPA DE MORELOS,19.3483,-99.3094,3,PILARES
SAN PABLO CHIMALPA,SAN PABLO CHIMALPA,CUAJIMALPA DE MORELOS,19.3531,-99.3176,2,PILARES
RIO TIBER,CUAUHTEMOC,CUAUHTÉMOC,19.4328,-99.1706,2,PILARES
TOLNÁHUAC,SAN SIMON TOLNAHUAC,CUAUHTÉMOC,19.4614,-99.1437,2,PILARES
ATLAMPA,ATLAMPA,CUAUHTÉMOC,19.4592,-99.1603,3,PILARES
CIEN METROS,SANTIAGO ATEPETLAC 2532,GUSTAVO A. MADERO,19.5266,-99.1589,2,PILARES
MAGDALENA DE LAS SALINAS,MAGDALENA DE LAS SALINAS,GUSTAVO A. MADERO,19.4785,-99.1457,4,PILARES
LA MUELA,ZONA ESCOLAR ORIENTE,GUSTAVO A. MADERO,19.5327,-99.144,4,PILARES
MAZATLAN,BARRIO CANDELARIA TICOMAN,GUSTAVO A. MADERO,19.5214,-99.1419,2,PILARES
RICHARD WAGNER,VALLEJO,GUSTAVO A. MADERO,19.4655,-99.1292,3,PILARES
TLALPEXCO,TLALPEXCO,GUSTAVO A. MADERO,19.5448,-99.1258,2,PILARES
EL VIVERO,ARBOLEDAS DE CUAUTEPEC 2085,GUSTAVO A. MADERO,19.5619,-99.1262,6,PILARES
PROGRESO SUR,ESCUADRON 201,IZTAPALAPA,19.3568,-99.1131,2,PILARES
CERRO DE LA ESTRELLA,SAN JUAN CERRO,IZTAPALAPA,19.3455,-99.0813,2,PILARES
FACUNDO CABRAL,LOS REYES CULHUACAN 2313,IZTAPALAPA,19.3435,-99.1024,2,PILARES
CENTRAL DE ABASTO,SAN JOSE,IZTAPALAPA,19.3738,-99.0991,2,PILARES
VALLE DE LUCES,VALLE DE LUCES 2581,IZTAPALAPA,19.338,-99.0982,6,PILARES
SAN BERNABE (PARCELA),LOMAS DE SAN BERNABE 2279,LA MAGDALENA CONTRERAS,19.3105,-99.2649,3,PILARES
LA MALINCHE,LA MALINCHE,LA MAGDALENA CONTRERAS,19.3231,-99.2393,3,PILARES
HUAYATLA,PUEBLO NUEVO ALTO,LA MAGDALENA CONTRERAS,19.3053,-99.2486,3,PILARES
PENSIL,REFORMA PENSIL,MIGUEL HIDALGO,19.4489,-99.1944,5,PILARES
CANEGUÍN,ARGENTINA ANTIGUA,MIGUEL HIDALGO,19.4547,-99.2052,3,PILARES
CUCHILLA DE PADIERNA,LOMAS DEL PEDREGAL CUCHILLA DE PADIERNA,TLALPAN,19.2761,-99.2168,3,PILARES
ECOGUARDAS,SIN NOMBRE 2613,TLALPAN,19.2711,-99.2046,1,PILARES
TIZIMÍN,JARDINES DEL AJUSCO,TLALPAN,19.2895,-99.2163,2,PILARES
BELVEDERE,2 DE OCTUBRE 2062,TLALPAN,19.2674,-99.2292,4,PILARES
TACUBA,SAN DIEGO OCOYOACAC,MIGUEL HIDALGO,19.4602,-99.19,3,PILARES
TOKYO,MALACATES 2322,GUSTAVO A. MADERO,19.5766,-99.1371,3,PILARES
ALÍ CHUMASERO,LA PURISIMA TICOMAN,GUSTAVO A. MADERO,19.5122,-99.1399,5,PILARES
CALHUACATZINGO (SALINAS),LAS SALINAS,AZCAPOTZALCO,19.4891,-99.1663,4,PILARES
BOSQUES,BOSQUES DEL PEDREGAL,TLALPAN,19.2713,-99.2393,3,PILARES
JOSE MUJICA,CTM VII CULHUACAN,COYOACÁN,19.3258,-99.1059,6,PILARES
FARO AZCAPOTZALCO (EL ROSARIO),EL ROSARIO 2183,AZCAPOTZALCO,19.5082,-99.1998,2,PILARES
GUADALUPE VICTORIA (LA COMUNA),ZONA ESCOLAR ORIENTE,GUSTAVO A. MADERO,19.5412,-99.1422,5,PILARES
DIF MIGUEL HIDALGO,MIGUEL HIDALGO 2DA SECCION,TLALPAN,19.2848,-99.1959,6,PILARES
CONTADERO,CONTADERO,CUAJIMALPA DE MORELOS,19.3483,-99.3027,5,PILARES
(SAN FRANCISCO) FERROCARRIL DE CUERNAVACA,SAN FRANCISCO 2417,LA MAGDALENA CONTRERAS,19.3125,-99.2334,5,PILARES
SALECIANO,ANAHUAC,MIGUEL HIDALGO,19.4479,-99.1772,3,PILARES
HUIPULCO,CARMEN SERDAN 2132,COYOACÁN,19.3012,-99.1471,1,PILARES
DIAZ MIRON,SALVADOR DIAZ MIRON,GUSTAVO A. MADERO,19.4882,-99.0994,4,PILARES
SANTA MARIA TICOMAN,LOMA LA PALMA,GUSTAVO A. MADERO,19.5502,-99.1434,3,PILARES
PROGRESO NACIONAL,NUEVA INDUSTRIAL VALLEJO,GUSTAVO A. MADERO,19.5164,-99.1528,4,PILARES
MERCADO SAN FELIPE DE JESUS,SAN FELIPE DE JESUS,GUSTAVO A. MADERO,19.4933,-99.0783,3,PILARES
BARRIO NORTE II,BARRIO NORTE,ÁLVARO OBREGÓN,19.3796,-99.2065,3,PILARES
ISIDRO FABELA,ISIDRO FABELA,ÁLVARO OBREGÓN,19.3859,-99.2088,3,PILARES
OLIVAR DEL CONDE,OLIVAR DEL CONDE 1RA SECCION 2354,ÁLVARO OBREGÓN,19.3739,-99.2046,4,PILARES
LAS AGUILAS,OLIVAR DEL CONDE 1RA SECCION 2353,ÁLVARO OBREGÓN,19.3728,-99.2138,3,PILARES
MUNICIPIO LIBRE,PORTALES ORIENTE,BENITO JUÁREZ,19.368,-99.1416,1,PILARES
PORTALES,PORTALES SUR,BENITO JUÁREZ,19.3644,-99.1435,4,PILARES
SAN FRANCISCO TULTENCO,PAULINO NAVARRO,CUAUHTÉMOC,19.411,-99.1288,3,PILARES
CHABACANO,OBRERA,CUAUHTÉMOC,19.408,-99.1361,2,PILARES
NUEVA ATZACOALCO,NUEVA ATZACOALCO,GUSTAVO A. MADERO,19.5008,-99.0848,2,PILARES
EJIDOS DE SAN JUAN DE ARAGÓN,EX EJIDO SAN JUAN DE ARAGON SECTOR 33,GUSTAVO A. MADERO,19.4695,-99.0913,2,PILARES
ZAPATA VELA,CARLOS ZAPATA VELA,IZTACALCO,19.3822,-99.0967,5,PILARES
ROJO GÓMEZ,AGRICOLA ORIENTAL,IZTACALCO,19.4047,-99.071,1,PILARES
REFORMA IZTLACIHUATL,REFORMA IZTACCIHUATL NORTE,IZTACALCO,19.3863,-99.1327,1,PILARES
PLUTARCO ELÍAS CALLES (COYUYA),FRACCIONAMIENTO COYUYA,IZTACALCO,19.3983,-99.114,1,PILARES
TEZONTLE,LOS PICOS DE IZTACALCO SECCION 1RA 2311,IZTACALCO,19.3883,-99.1125,1,PILARES
RENOVACIÓN,RENOVACION,IZTAPALAPA,19.3695,-99.047,3,PILARES
VILLA CID,DESARROLLO URBANO QUETZALCOATL,IZTAPALAPA,19.3215,-99.0425,2,PILARES
YAUTLICA,CAMPESTRE POTRERO 2127,IZTAPALAPA,19.3335,-98.9843,5,PILARES
CERRO AZUL,BUENAVISTA,IZTAPALAPA,19.3261,-99.0278,4,PILARES
NOGAL,CITLALLI 2135,IZTAPALAPA,19.3419,-99.023,3,PILARES
ADOLFO LOPEZ MATEOS (SANTA CRUZ MEYEHUALCO),SANTA CRUZ MEYEHUALCO 2497,IZTAPALAPA,19.3487,-99.0446,6,PILARES
PURISIMA,PURISIMA ATLAZOLPA,IZTAPALAPA,19.3792,-99.1098,1,PILARES
ESCUADRON 201,GRANJAS DE SAN ANTONIO,IZTAPALAPA,19.3701,-99.1079,2,PILARES
EMILIO ROSAS,UNIDAD VICENTE GUERRERO,IZTAPALAPA,19.3527,-99.0563,3,PILARES
LOMAS DE ZARAGOZA,SANTIAGO ACAHUALTEPEC,IZTAPALAPA,19.3584,-98.9999,2,PILARES
CONSTITUCION DE 1917,LOS ANGELES,IZTAPALAPA,19.3443,-99.0612,1,PILARES
TETECÓN,PARAJES BUENAVISTA (TETECON),IZTAPALAPA,19.3225,-99.0291,3,PILARES
TEPALCATES,TEPALCATES,IZTAPALAPA,19.393,-99.0556,8,PILARES
BAMBU,LOMAS DE LA ESTANCIA,IZTAPALAPA,19.3404,-99.0053,3,PILARES
ERMITA,ERMITA ZARAGOZA,IZTAPALAPA,19.3642,-99.0023,2,PILARES
TIERRA Y LIBERTAD,AMPLIACION EMILIANO ZAPATA,IZTAPALAPA,19.3387,-98.9789,8,PILARES
REFORMA POLITICA (DIF LA FORD),SIERRA DEL VALLE,IZTAPALAPA,19.3438,-99.0308,5,PILARES
XALTIPAC,XALTIPAC,MILPA ALTA,19.2173,-98.9891,1,PILARES
MIXQUIC,SANTA CRUZ,TLÁHUAC,19.2263,-98.9527,2,PILARES
MURCIELAGO,MIGUEL HIDALGO 2331,TLÁHUAC,19.2916,-99.0493,2,PILARES
PAULO FREIRE,EL TRIANGULO,TLÁHUAC,19.2836,-99.0119,2,PILARES
MIGUEL HIDALGO,MIGUEL HIDALGO 2330,TLÁHUAC,19.2928,-99.0461,2,PILARES
COCODRILO,LOS OLIVOS 2309,TLÁHUAC,19.3019,-99.0595,6,PILARES
ROSARIO CASTELLANOS,SANTA CECILIA,TLÁHUAC,19.2783,-99.008,2,PILARES
ESCUELA PARA LA VIDA,LA ASUNCION,TLÁHUAC,19.2442,-98.9947,3,PILARES
FRAY SERVANDO,UNIDAD KENNEDY,VENUSTIANO CARRANZA,19.4197,-99.1115,2,PILARES
AV DEL TALLER,JARDIN BALBUENA 2225,VENUSTIANO CARRANZA,19.4137,-99.1132,2,PILARES
CANDELARIA DE LOS PATOS,ZONA CENTRO 2603,VENUSTIANO CARRANZA,19.4318,-99.1199,9,PILARES
TLAXIALTEMALCO,SAN LUIS TLAXIALTEMALCO,XOCHIMILCO,19.2559,-99.0357,4,PILARES
ACUEXCOMATL,SAN LUIS TLAXIALTEMALCO,XOCHIMILCO,19.261,-99.0286,4,PILARES
CIGAMEC,SAN FELIPE DE JESUS,GUSTAVO A. MADERO,19.5006,-99.0744,6,PILARES
8 DE AGOSTO,8 DE AGOSTO 2068,BENITO JUÁREZ,19.3955,-99.1879,4,PILARES
DIF ADOLFO LOPEZ MATEOS,ADOLFO LOPEZ MATEOS 2075,VENUSTIANO CARRANZA,19.4211,-99.0733,2,PILARES
CENDI CASAS ALEMÁN,CERRO PRIETO,GUSTAVO A. MADERO,19.4529,-99.098,2,PILARES
SAN JUAN DE ARAGÓN,SAN JUAN DE ARAGON I SECCION 2437,GUSTAVO A. MADERO,19.4573,-99.083,5,PILARES
REPÚBLICA,SANTA MARTHA ACATITLA 2520,IZTAPALAPA,19.3719,-99.0163,12,PILARES
CENDI GERTRUDIS SANCHEZ,GERTRUDIS SANCHEZ 2DA SECCION 2209,GUSTAVO A. MADERO,19.4642,-99.1014,2,PILARES
VASCO DE QUIROGA,VASCO DE QUIROGA,GUSTAVO A. MADERO,19.4963,-99.093,5,PILARES
LA CONCHITA,LIBERALES DE 1857,ÁLVARO OBREGÓN,19.3924,-99.2157,5,PILARES
EL MOLINO TEZONCO,JARDINES DE SAN LORENZO TEZONCO,IZTAPALAPA,19.2949,-99.0738,4,PILARES
CASAS ALEMÁN (GRAN CANAL),AMPLIACION CASAS ALEMAN,GUSTAVO A. MADERO,19.4784,-99.0899,6,PILARES
PLAZA DE LOS JÓVENES,XALPA,IZTAPALAPA,19.3312,-99.0172,5,PILARES
VELÓDROMO,JARDIN BALBUENA 2225,VENUSTIANO CARRANZA,19.4102,-99.1043,4,PILARES
CENDI ESTRELLA,ESTRELLA,GUSTAVO A. MADERO,19.4759,-99.1157,3,PILARES
CENDI ZAPATA (TABLAS DE SAN AGUSTIN),TABLAS DE SAN AGUSTIN,GUSTAVO A. MADERO,19.4634,-99.1158,3,PILARES
FARO MIACATLAN,SAN JERONIMO MIACATLAN,MILPA ALTA,19.1931,-99.0119,2,PILARES
SAN JUAN DE ARAGON VI SECCION,SAN JUAN DE ARAGON VI SECCION,GUSTAVO A. MADERO,19.4667,-99.0659,3,PILARES
SAN JUAN DE ARAGON VII SECCION,SAN JUAN DE ARAGON VII SECCION,GUSTAVO A. MADERO,19.4701,-99.0755,2,PILARES
APATLACO,CAMPAMENTO 2 DE OCTUBRE 2118,IZTACALCO,19.3819,-99.1148,5,PILARES
SAN JUAN TEPENAHUAC,SAN JUAN TEPENAHUAC,MILPA ALTA,19.1874,-98.9941,2,PILARES
VILLA DE ARAGÓN,VILLA DE ARAGON 2592,GUSTAVO A. MADERO,19.463,-99.0581,5,PILARES
AMPLIACIÓN PROVIDENCIA,PROVIDENCIA 2395,GUSTAVO A. MADERO,19.4788,-99.0725,5,PILARES
PROVIDENCIA (ZACATECAS),PROVIDENCIA 2395,GUSTAVO A. MADERO,19.4839,-99.0708,3,PILARES
JARDINES TECMA,LOS PICOS DE IZTACALCO SECCION 1RA 2311,IZTACALCO,19.3885,-99.1159,4,PILARES
SAN JUAN JOYA,PARAJE SAN JUAN JOYA,IZTAPALAPA,19.3361,-99.0672,1,PILARES
LOMAS DE LA ESTANCIA,SANTIAGO ACAHUALTEPEC 2DA AMPLIACION 2530,IZTAPALAPA,19.3405,-99.0077,3,PILARES
CALMECAC,MIRAVALLES 2339,IZTAPALAPA,19.3341,-98.997,4,PILARES
SANTA CATARINA,LA CONCEPCION 2238,TLÁHUAC,19.3187,-98.964,4,PILARES
ALAMEDA ORIENTE,MEXICO,VENUSTIANO CARRANZA,19.4318,-99.0539,5,PILARES
GRAN CANAL DEL NORTE,SIMON BOLIVAR 2549,VENUSTIANO CARRANZA,19.4477,-99.1032,3,PILARES
CENDI RAMON CORONA,INDUSTRIAL,GUSTAVO A. MADERO,19.476,-99.1244,2,PILARES
COLOSIO (GIRASOL),LUIS DONALDO COLOSIO,GUSTAVO A. MADERO,19.559806,-99.147158,5,PILARES
BOSQUES METROPOLITANA (BOSQUES DEL PEDREGAL),BOSQUES DEL PEDREGAL,TLALPAN,19.27081322,-99.24341866,4,PILARES
(RIO MIXCOAC) SANTA LUCIA II,SANTA LUCIA 2502,ÁLVARO OBREGÓN,19.35617122,-99.25189002,4,PILARES
HUAYAMILPAS,AJUSCO HUAYAMILPAS,COYOACÁN,19.3242721,-99.15119319,3,PILARES
SAN NICOLAS TETELCO,SAN NICOLAS TETELCO,TLÁHUAC,19.21788234,-98.9724583,5,PILARES
SELENE,SELENE 2546,TLÁHUAC,19.29577751,-98.99790476,5,PILARES
CHICOASEN,PEDREGAL DE SAN NICOLAS 1RA SECCION 2374,TLALPAN,19.29135274,-99.2300306,3,PILARES
CHICLERA (PROGRESISTA),PROGRESISTA,VENUSTIANO CARRANZA,19.43592758,-99.10828927,3,PILARES
Viveros De Coyoacán,DEL CARMEN,COYOACÁN,19.3537,-99.17177,1,Sitios_Publicos
Villa,VILLA GUSTAVO A MADERO,GUSTAVO A. MADERO,19.4871,-99.11429,1,Sitios_Publicos
Toxicológico Xochimilco,TIERRA NUEVA,XOCHIMILCO,19.26485,-99.11495,1,Sitios_Publicos
Toxicológico Venustiano Carranza,CUCHILLA PANTITLAN 2156,VENUSTIANO CARRANZA,19.42128,-99.06899,1,Sitios_Publicos
Ticomán,LA PURISIMA TICOMAN,GUSTAVO A. MADERO,19.509,-99.1326,4,Sitios_Publicos
San Juan De Aragón,SAN JUAN DE ARAGON I SECCION 2438,GUSTAVO A. MADERO,19.45719,-99.09314,1,Sitios_Publicos
Rubén Leñero,SANTO TOMAS,MIGUEL HIDALGO,19.45135,-99.1694,2,Sitios_Publicos
Plaza Principal San Antonio Tecomitl,CRUZTITLA,MILPA ALTA,19.21748,-98.99382,6,Sitios_Publicos
Plaza Garibaldi,CENTRO,CUAUHTÉMOC,19.4404,-99.13921,4,Sitios_Publicos
Plaza De La Igualdad,LA ASUNCION,TLÁHUAC,19.24327,-98.9954,2,Sitios_Publicos
Plaza De La Constitución (El Zócalo),CENTRO,CUAUHTÉMOC,19.43128,-99.13242,36,Sitios_Publicos
Plaza Cívica Valentín Campa,SANTA MARIA AZTAHUACAN 2506,IZTAPALAPA,19.35466,-99.03208,1,Sitios_Publicos
Plaza Cívica San Pedro Atocpan,PANCHIMALCO,MILPA ALTA,19.20126,-99.04998,1,Sitios_Publicos
Peralvillo,SAN SIMON TOLNAHUAC,CUAUHTÉMOC,19.45963,-99.14132,1,Sitios_Publicos
Parque México,HIPODROMO,CUAUHTÉMOC,19.41192,-99.16941,19,Sitios_Publicos
Parque Loreto Y Peña Pobre,PEÑA POBRE,TLALPAN,19.29638,-99.18368,4,Sitios_Publicos
Parque Lira,OBSERVATORIO,MIGUEL HIDALGO,19.40683,-99.19006,2,Sitios_Publicos
Parque España,CONDESA,CUAUHTÉMOC,19.41526,-99.17277,8,Sitios_Publicos
Parque Ecológico Huayamilpas,AJUSCO HUAYAMILPAS,COYOACÁN,19.32419,-99.15047,1,Sitios_Publicos
Parque Cultural Infantil (Patolli San Miguel Teotongo),SAN MIGUEL TEOTONGO,IZTAPALAPA,19.3442,-98.9895,1,Sitios_Publicos
Parque Cultural Infantil (Patolli Canal Nacional),LEYES DE REFORMA 3RA SECCION,IZTAPALAPA,19.37708,-99.05979,2,Sitios_Publicos
Parque Cultural Infantil (Patolli Cabeza De Juárez),LEYES DE REFORMA 3RA SECCION,IZTAPALAPA,19.37741,-99.06014,4,Sitios_Publicos
Paradero Auditorio Nacional,BOSQUE DE CHAPULTEPEC I,MIGUEL HIDALGO,19.42469,-99.19133,4,Sitios_Publicos
Moctezuma,MOCTEZUMA 2DA SECCION,VENUSTIANO CARRANZA,19.43263,-99.09801,2,Sitios_Publicos
Médico Infantil Inguarán,FELIPE ANGELES,VENUSTIANO CARRANZA,19.45211,-99.113,1,Sitios_Publicos
Medico Infantil De Tláhuac,LA HABANA,TLÁHUAC,19.26583,-98.99903,3,Sitios_Publicos
Medico Infantil Cedillo,FRANCISCO VILLA,AZCAPOTZALCO,19.49788,-99.20393,3,Sitios_Publicos
Magdalena Contreras,SAN JERONIMO LIDICE,LA MAGDALENA CONTRERAS,19.31974,-99.23901,1,Sitios_Publicos
Legaria,MEXICO NUEVO,MIGUEL HIDALGO,19.45096,-99.20266,1,Sitios_Publicos
Kiosco Morisco,SANTA MARIA LA RIBERA,CUAUHTÉMOC,19.44963,-99.15675,4,Sitios_Publicos
Instituto De Formación Profesional Pb,DEL GAS 2164,AZCAPOTZALCO,19.47048,-99.16026,1,Sitios_Publicos
Instituto De Formación Profesional Edificio Anexo Pb,DEL GAS 2164,AZCAPOTZALCO,19.47048,-99.16026,2,Sitios_Publicos
Instituto De Formación Profesional Edificio Anexo 4O Piso,DEL GAS 2164,AZCAPOTZALCO,19.47048,-99.16026,3,Sitios_Publicos
Instituto De Formación Profesional Edificio Anexo 3Er Piso,DEL GAS 2164,AZCAPOTZALCO,19.47048,-99.16026,4,Sitios_Publicos
Instituto De Formación Profesional Edificio Anexo 2O Piso,DEL GAS 2164,AZCAPOTZALCO,19.47048,-99.1605,4,Sitios_Publicos
Indios Verdes Faro,SANTA ISABEL TOLA,GUSTAVO A. MADERO,19.50362,-99.11336,2,Sitios_Publicos
Hospital Xochimilco,SAN LUCAS XOCHIMANCA 2447,XOCHIMILCO,19.25413,-99.10551,1,Sitios_Publicos
Hospital Pediátrico Tacubaya,TACUBAYA,MIGUEL HIDALGO,19.40257,-99.19082,1,Sitios_Publicos
Hospital Pediátrico Iztapalapa,GRANJAS DE SAN ANTONIO,IZTAPALAPA,19.35669,-99.10765,1,Sitios_Publicos
Hospital Pediátrico Iztacalco,SANTA ANITA 2493,IZTACALCO,19.40453,-99.12015,1,Sitios_Publicos
Hospital Pediátrico Coyoacan,BARRIO SANTA CATARINA,COYOACÁN,19.34556,-99.16788,6,Sitios_Publicos
Hospital Milpa Alta,SANTA CRUZ,MILPA ALTA,19.20077,-99.01186,2,Sitios_Publicos
Hospital Iztapalapa,SANTA MARIA AZTAHUACAN 2504,IZTAPALAPA,19.34316,-99.02725,2,Sitios_Publicos
Hospital Gregorio Salas,CENTRO,CUAUHTÉMOC,19.43772,-99.12945,2,Sitios_Publicos
Hospital General Xoco,GENERAL PEDRO MARIA ANAYA,BENITO JUÁREZ,19.36003,-99.16239,2,Sitios_Publicos
Glorieta De Los Insurgentes,JUAREZ,CUAUHTÉMOC,19.42414,-99.16383,8,Sitios_Publicos
Foro Cultural Contreras,LA CONCEPCION,LA MAGDALENA CONTRERAS,19.30473,-99.23642,2,Sitios_Publicos
Faro Milpa Alta,TENANTITLA,MILPA ALTA,19.22157,-98.99532,4,Sitios_Publicos
Faro De Oriente,SANTA MARTHA ACATITLA NORTE,IZTAPALAPA,19.36955,-99.01004,1,Sitios_Publicos
Explanada Teatro De La Juventud,TOLTECA,ÁLVARO OBREGÓN,19.3906,-99.19525,4,Sitios_Publicos
Explanada San Salvador Cuauhtenco,SAN SALVADOR CUAUHTENCO,MILPA ALTA,19.19249,-99.09023,1,Sitios_Publicos
Enrique Cabrera,LOMAS DE TARANGO 2290,ÁLVARO OBREGÓN,19.36083,-99.22542,1,Sitios_Publicos
Deportivo Los Galeana,SAN JUAN DE ARAGON VII SECCION,GUSTAVO A. MADERO,19.47823,-99.0771,1,Sitios_Publicos
Cuautepec,ZONA ESCOLAR ORIENTE,GUSTAVO A. MADERO,19.53974,-99.14251,1,Sitios_Publicos
Corredor Tamaulipas,HIPODROMO,CUAUHTÉMOC,19.41015,-99.17507,1,Sitios_Publicos
Corredor Reforma (Museo Rufino Tamayo),BOSQUE DE CHAPULTEPEC I,MIGUEL HIDALGO,19.42573,-99.1839,1,Sitios_Publicos
Corredor Reforma (Museo De Arte Moderno),BOSQUE DE CHAPULTEPEC I,MIGUEL HIDALGO,19.42228,-99.17951,4,Sitios_Publicos
Corredor Michoacán,CONDESA,CUAUHTÉMOC,19.41162,-99.17404,1,Sitios_Publicos
Corredor Mazatlán,CONDESA,CUAUHTÉMOC,19.41433,-99.1772,2,Sitios_Publicos
Corredor Masaryk,POLANCO IV SECCION,MIGUEL HIDALGO,19.43197,-99.19794,39,Sitios_Publicos
Corredor Cultural Tláhuac,SELENE 2546,TLÁHUAC,19.29343,-98.99838,1,Sitios_Publicos
Corredor Amsterdam,HIPODROMO,CUAUHTÉMOC,19.41084,-99.17175,1,Sitios_Publicos
Centro Regulador De Urgencias,AERONAUTICA MILITAR,VENUSTIANO CARRANZA,19.42418,-99.1161,2,Sitios_Publicos
Centro Familiar De Santa Catarina,MIGUEL DE LA MADRID HURTADO,IZTAPALAPA,19.34224,-99.00276,1,Sitios_Publicos
Centro Deportivo Xochimilco,SAN LUCAS XOCHIMANCA 2447,XOCHIMILCO,19.25496,-99.1072,3,Sitios_Publicos
Centro Cultural Faro Tláhuac,MIGUEL HIDALGO 2330,TLÁHUAC,19.28747,-99.04648,10,Sitios_Publicos
Centro Coyoacán Pb (Corredor Principal),DEL VALLE SUR,BENITO JUÁREZ,19.36605,-99.17285,5,Sitios_Publicos
Centro Coyoacán 2O Piso (Recepción),DEL VALLE SUR,BENITO JUÁREZ,19.36605,-99.17285,2,Sitios_Publicos
Cendi Rubén Leñero,ANAHUAC,MIGUEL HIDALGO,19.44732,-99.17753,1,Sitios_Publicos
Casa Popular De La Juventud,SAN JERONIMO LIDICE,LA MAGDALENA CONTRERAS,19.32216,-99.22128,1,Sitios_Publicos
Casa De La Cultura Jesús Reyes Heroles,BARRIO SANTA CATARINA,COYOACÁN,19.34916,-99.17109,5,Sitios_Publicos
Campos Elíseos,POLANCO IV SECCION,MIGUEL HIDALGO,19.42782,-99.19387,12,Sitios_Publicos
Búnker Pb,DOCTORES,CUAUHTÉMOC,19.42395,-99.14786,1,Sitios_Publicos
Búnker 5O Piso,DOCTORES,CUAUHTÉMOC,19.42481,-99.14703,1,Sitios_Publicos
Búnker  Área De Comunicación (Prensa),DOCTORES,CUAUHTÉMOC,19.42429,-99.14677,1,Sitios_Publicos
Bosque De Tlalpan,FUENTES BROTANTES 2202,TLALPAN,19.29129,-99.1982,4,Sitios_Publicos
Bosque De Chapultepec,SAN MIGUEL CHAPULTEPEC,MIGUEL HIDALGO,19.41949,-99.19056,39,Sitios_Publicos
Bosque De Aragón,SAN JUAN DE ARAGON IV SECCION 2440,GUSTAVO A. MADERO,19.46324,-99.06372,4,Sitios_Publicos
Belisario Domínguez,PANTEON DE SAN LORENZO,IZTAPALAPA,19.30672,-99.06595,11,Sitios_Publicos
Balbuena,AERONAUTICA MILITAR,VENUSTIANO CARRANZA,19.42407,-99.11528,6,Sitios_Publicos
Azcapotzalco,CENTRO DE AZCAPOTZALCO,AZCAPOTZALCO,19.48449,-99.18779,1,Sitios_Publicos
Alcaldía Xochimilco,SAN PEDRO,XOCHIMILCO,19.25738,-99.10911,2,Sitios_Publicos
Alcaldía Venustiano Carranza,JARDIN BALBUENA 2225,VENUSTIANO CARRANZA,19.41918,-99.11355,1,Sitios_Publicos
Alcaldía Tlalpan,TLALPAN CENTRO,TLALPAN,19.28934,-99.16949,9,Sitios_Publicos
Alcaldía Tláhuac,LA ASUNCION,TLÁHUAC,19.27012,-99.00507,2,Sitios_Publicos
Alcaldía Milpa Alta,LOS ANGELES,MILPA ALTA,19.19195,-99.02343,1,Sitios_Publicos
Alcaldía Miguel Hidalgo,ESCANDON,MIGUEL HIDALGO,19.39781,-99.18217,1,Sitios_Publicos
Alcaldía La Magdalena Contreras,BARRANCA SECA,LA MAGDALENA CONTRERAS,19.30485,-99.24151,3,Sitios_Publicos
Alcaldía Iztapalapa,SAN LUCAS,IZTAPALAPA,19.35929,-99.09204,5,Sitios_Publicos
Alcaldía Iztacalco,GABRIEL RAMOS MILLAN SECCION BRAMADERO,IZTACALCO,19.3957,-99.09715,1,Sitios_Publicos
Alcaldía Gustavo A. Madero,VILLA GUSTAVO A MADERO,GUSTAVO A. MADERO,19.48284,-99.11441,5,Sitios_Publicos
Alcaldía Cuauhtémoc,BUENAVISTA,CUAUHTÉMOC,19.44146,-99.15239,3,Sitios_Publicos
Alcaldía Cuajimalpa,CUAJIMALPA,CUAJIMALPA DE MORELOS,19.35782,-99.30167,5,Sitios_Publicos
Alcaldía Coyoacán,VILLA COYOACAN,COYOACÁN,19.35037,-99.16194,8,Sitios_Publicos
Alcaldía Benito Juárez,DEL CARMEN,COYOACÁN,19.35018,-99.16442,1,Sitios_Publicos
Alcaldía Azcapotzalco,CENTRO DE AZCAPOTZALCO,AZCAPOTZALCO,19.4827,-99.1837,4,Sitios_Publicos
Alcaldía Alvaro Obregón,TOLTECA,ÁLVARO OBREGÓN,19.38944,-99.19566,3,Sitios_Publicos
Alameda Central,CENTRO,CUAUHTÉMOC,19.43618,-99.14414,15,Sitios_Publicos
"H. G. Cuautepec ""La Pastora""",LA PASTORA 2257,GUSTAVO A. MADERO,19.52438312,-99.1395755,1,Sitios_Publicos
U. H. Pensador Mexicano,GUERRERO,CUAUHTÉMOC,19.437948,-99.14082,2,Sitios_Publicos
